{"cameraMode":{"drawMode":0,"name":"Shaded","section":"Shading Mode"},"sceneLighting":true,"audioPlay":false,"sceneViewState":{"m_AlwaysRefresh":false,"showFog":true,"showSkybox":true,"showFlares":true,"showImageEffects":true,"showParticleSystems":true,"showVisualEffectGraphs":true,"m_FxEnabled":true},"in2DMode":false,"pivot":{"x":-13.411825180053711,"y":5.750692367553711,"z":25.483219146728517},"rotation":{"x":-0.10828063637018204,"y":0.7097085118293762,"z":-0.11184683442115784,"w":-0.6870806813240051},"size":26.336517333984376,"orthographic":false}